
{
    "list":
        [
            {
                "_id":"1",
                "title":"Rohit",
                "description":"task 1",
                "category":"High"
            },
            {
                "_id":"2",
                "title":"Rohit2",
                "description":"task 2",
                "category":"Medium"
            },
            {
                "_id":"3",
                "title":"Rohit3",
                "description":"task 3",
                "category":"Low"
            }
        ]
}